{
  "eye": {
    "orientation": [
      -0.4580400884151459,
      -0.05044840648770332,
      -0.10813483595848083,
      0.8808865547180176
    ],
    "magnitude": 0.5773502588272095,
    "position": [
      1.6131317615509033,
      163.66073608398438,
      114.94584655761719
    ]
  },
  "paths": [],
  "ortho": false,
  "radius": 100,
  "visualHints": 3
}